Country/Region/Group,1950,1951,1952,1953,1954,1955,1956,1957,1958,1959,1960,1961,1962,1963,1964,1965,1966,1967,1968,1969,1970,1971,1972,1973,1974,1975,1976,1977,1978,1979,1980,1981,1982,1983,1984,1985,1986,1987,1988,1989,1990,1991,1992,1993,1994,1995,1996,1997,1998,1999,2000,2001,2002,2003,2004,2005,2006,2007,2008,2009,2010,2011,2012,2013,2014,2015,2016,2017,2018,2019,2020,Total
Afghanistan,,,,,,4,7,89,254,405,40,56,64,40,56,91,198,230,145,92,9,149,124,,,90,230,80,287,360,352,382,294,236,368,153,287,561,1046,2152,1871,1411,,,,,,,,,,,34,,,35,3,41,150,344,377,661,523,235,288,116,174,252,322,396,240,16403
African Union**,,,,,,,,,,,,,,,,,,,,,,,,,,,,,,,,,,,,,,,,,,,,,,,,,,,,,,,,53,9,,10,,,,,2,,2,,,0,2,,78
Albania,20,10,11,20,22,132,98,42,47,129,57,74,42,12,8,140,74,163,265,297,250,332,134,104,134,53,5,7,5,,,,,,,,,,,,,,,,,26,,,,,,,,2,,7,,5,,,,,15,7,7,7,,2,3,5,1,2771
Algeria,,,,,,,,,,,,7,61,85,177,331,437,524,57,79,14,14,180,110,13,56,132,1048,1264,1823,1342,1388,1357,701,659,368,146,369,320,455,734,1035,20,20,182,296,83,37,98,370,403,540,248,195,242,159,340,507,1517,1070,835,1133,661,362,710,906,2911,1139,1291,164,661,32383
Amal (Lebanon)*,,,,,,,,,,,,,,,,,,,,,,,,,,,,,,,,,,,,29,31,,,,,,,,,,,,,,,,,,,,,,,,,,,,,,,,,,,60
ANC (South Africa)*,,,,,,,,,,,,,,,,,,,,,,,,,,,,,,,,,,,,,,,0,,,,,,,,,,,,,,,,,,,,,,,,,,,,,,,,,0
Angola,,,,,,,,,,,,,,,,,,,,,,,,,1,241,181,105,146,111,153,241,381,574,479,528,703,1187,965,152,141,,,122,111,1,44,7,150,358,147,156,148,48,8,39,7,31,29,20,,,,30,2,47,152,110,272,169,51,8544
Anti-Castro rebels (Cuba)*,,,,,,,,,,,,2,,,,,,,,,,,,,,,,,,,,,,,,,,,,,,,,,,,,,,,,,,,,,,,,,,,,,,,,,,,,2
Argentina,75,445,38,4,5,0,39,14,70,161,111,205,48,19,19,7,93,143,430,223,248,369,400,241,450,260,489,192,425,441,440,856,412,1316,730,497,226,226,74,14,169,,27,,209,43,28,105,171,275,213,6,14,11,168,3,9,24,21,15,11,15,5,13,6,21,17,45,18,50,7,12171
Armas (Guatemala)*,,,,,8,,,,,,,,,,,,,,,,,,,,,,,,,,,,,,,,,,,,,,,,,,,,,,,,,,,,,,,,,,,,,,,,,,,8
Armenia,,,,,,,,,,,,,,,,,,,,,,,,,,,,,,,,,,,,,,,,,,,,2,181,47,70,,,2,,,,,118,,,1,,46,52,5,,16,,,110,18,,248,,916
Australia,468,371,410,153,125,637,451,445,534,412,113,40,571,384,548,920,714,778,460,828,240,319,60,704,885,96,81,268,1019,191,404,449,129,631,620,509,815,593,744,694,355,216,364,448,262,64,597,35,542,673,338,1236,663,801,472,461,728,679,444,778,1513,1557,867,245,906,1464,1026,1656,1557,1189,1657,42604
Austria,,,,2,,11,98,146,11,24,16,27,56,201,73,78,61,47,1,12,99,123,93,22,22,6,12,,8,72,195,73,97,145,14,29,19,7,117,84,5,6,5,9,40,24,10,182,228,48,25,15,83,43,57,25,4,269,190,286,7,8,8,6,2,1,13,8,5,15,13,3737
Azerbaijan,,,,,,,,,,,,,,,,,,,,,,,,,,,,,,,,,,,,,,,,,,,,50,25,,,,,,3,,89,,4,53,159,213,33,145,155,557,371,385,624,335,274,290,365,44,28,4202
Bahamas,,,,,,,,,,,,,,,,,,,,,,,,,,,,,11,,,,,,,,33,,,,2,3,,,,,,,,,33,,,,,3,,,,1,,,,,30,16,20,12,,,,163
Bahrain,,,,,,,,,,,,,,,,1,1,,,,,0,7,0,1,,,2,9,8,19,40,59,10,131,55,134,250,137,71,362,68,42,1,8,71,51,198,8,,299,28,54,1,10,66,63,27,21,,103,1,26,72,1,17,26,29,65,15,31,2698
Bangladesh,,,,,,,,,,,,,,,,,,,,,,10,2,76,44,39,70,62,45,1,55,62,128,109,59,81,4,1,242,301,187,79,113,44,61,119,7,27,1,186,203,281,33,8,32,10,221,88,12,,36,117,184,649,203,636,449,330,151,738,57,6647
Barbados,,,,,,,,,,,,,,,,,,,,,,,,,,,,,,,,9,,,1,,,,,,,,,,,,,,,,,,,,,,,10,10,10,,,,,,,,,,,,40
Belarus,,,,,,,,,,,,,,,,,,,,,,,,,,,,,,,,,,,,,,,,,,,,,,,,,41,41,,,,,,6,140,,,3,,75,75,75,66,98,117,147,142,333,13,1373
Belgium,198,485,972,1098,604,361,682,680,897,179,92,132,188,569,644,507,101,35,216,233,509,489,492,580,111,128,177,180,421,786,574,522,438,583,575,294,98,106,422,218,321,134,49,77,50,17,3,53,55,58,35,29,48,21,15,3,27,174,203,90,32,21,32,46,104,56,4,7,1,9,90,18443
Belize,,,,,,,,,,,,,,,,,,,,,,,,,,,,,,,,,,,0,,,,,,,,,,,,0,,,,1,,,,,,,,,,,,,,,,2,,,,,4
Benin,,,,,,,,,,,,2,1,,2,,1,,,,0,2,,1,,,,,26,6,,,10,3,1,3,,1,0,0,,,,,,,1,,,,,,7,,,,,3,,1,0,0,20,2,,,,,,,1,93
Bhutan,,,,,,,,,,,,,,,,,,,1,,,,,,,,,,,,,,,,,,,,,,,,,,,,,,,,,,,,0,,,,,,,,,,,1,1,,,,,3
Biafra,,,,,,,,,,,,,,,,,,8,,1,,,,,,,,,,,,,,,,,,,,,,,,,,,,,,,,,,,,,,,,,,,,,,,,,,,,9
Bolivia,,6,,,2,,,,26,3,6,4,2,4,2,2,1,14,17,1,2,2,12,16,23,17,16,1,11,54,39,30,2,,,18,15,,56,66,,11,25,16,9,2,,,,9,19,,,5,1,1,9,2,3,5,1,25,12,1,46,,27,7,1,34,26,767
Bosnia-Herzegovina,,,,,,,,,,,,,,,,,,,,,,,,,,,,,,,,,,,,,,,,,,,,6,6,,58,70,2,25,,,,,,,,,,,,,,,,,,1,,1,1,169
Botswana,,,,,,,,,,,,,,,,,,,,,,,,,,,,1,1,7,2,11,,,,4,,26,40,4,23,2,2,11,,11,32,71,2,,53,15,1,10,9,,,,,10,10,,6,9,,,5,,6,8,86,479
Brazil,,615,,133,112,379,55,152,139,129,237,212,62,128,25,150,57,218,236,110,219,181,520,599,256,539,582,554,892,406,368,64,75,91,124,88,138,233,128,746,148,178,90,58,313,248,545,474,240,365,121,631,223,110,85,223,178,188,179,155,310,306,327,223,206,217,109,94,267,153,155,17068
Brunei,,,,,,,,,,,,,,,,5,1,18,1,,5,18,2,1,15,1,0,,45,64,,8,12,85,60,,13,,,,3,3,,,,,17,32,7,5,,4,1,0,0,1,2,,,33,33,229,20,15,121,36,,,,,,917
Bulgaria,156,68,102,349,650,365,305,514,599,165,474,523,494,538,326,372,218,329,250,526,764,395,465,290,299,388,366,490,873,320,562,947,573,727,906,598,918,435,243,334,757,340,41,1,1,1,122,,,7,,,,2,13,132,22,48,116,119,8,29,5,,,3,,,,2,44,20025
Burkina Faso,,,,,,,,,,,,1,,,1,0,0,,0,1,1,1,,,,8,8,9,,,0,9,1,16,9,2,3,,12,,,2,,7,,,,,,0,,,,,,12,3,4,,2,0,15,4,,,5,7,2,23,10,2,180
Burundi,,,,,,,,,,,,,,,,,5,2,,3,,,,0,,,,,,,1,5,3,9,2,,,,,6,6,,,,,,,,,,,1,3,,,,,,,1,2,,5,,,1,3,,,2,,61
Cabo Verde,,,,,,,,,,,,,,,,,,,,,,,,,,,2,,,18,,,26,,,,,,,,,,4,,,,,,9,,1,,,,,,,,,2,,,10,,,,,,,3,,73
Cambodia,,,,,4,18,36,10,4,2,1,2,5,11,39,40,37,20,15,18,6,22,106,123,23,,,,43,,34,,,13,67,68,134,50,10,119,45,,,2,72,1,28,21,,,,,,,,,14,56,,4,34,,77,67,,,,,5,1,,1506
Cameroon,,,,,,,,,,,,0,,2,0,2,2,3,3,,,8,1,12,,,29,73,,1,,28,114,5,126,16,11,5,1,3,8,,3,,,,4,6,9,4,,7,6,,,5,2,,1,,10,,9,139,122,9,21,8,2,4,,823
Canada,264,294,998,1884,1123,1279,721,764,244,368,171,1576,1231,1045,764,563,306,237,336,516,623,455,382,80,224,195,28,28,172,235,441,452,276,649,646,848,810,787,712,37,150,751,407,198,475,408,427,362,130,198,576,538,436,152,353,118,113,480,423,101,228,336,197,202,316,408,233,331,169,176,236,32389
Central African Republic,,,,,,,,,,,,2,,,,1,2,,3,,,2,,0,,,,,0,,0,1,2,5,1,6,,,1,,,,1,,,,,,,,,,,,,,9,,0,,,7,,,,,,,2,,1,48
Chad,,,,,,,,,,,1,1,,,,0,,,,,,4,,3,9,10,8,3,,,10,,,33,9,1,22,21,9,57,,,,,3,1,,,7,7,,16,,,,,17,20,75,35,38,1,4,59,58,1,2,6,5,1,4,561
Chile,1,247,26,10,40,5,90,28,32,20,304,38,19,127,34,57,74,150,70,21,57,198,51,278,292,184,414,58,154,137,149,148,344,140,450,10,173,155,86,140,135,109,173,88,82,333,175,296,88,207,202,60,74,187,70,446,1093,655,392,329,473,326,62,54,141,144,40,50,73,33,295,11894
China,2572,2197,3430,3144,3500,1730,2255,2126,2778,3159,2431,936,307,450,395,218,233,145,182,2,2,2,2,3,3,3,3,75,86,12,7,2,15,27,73,115,17,53,106,201,303,482,1228,1239,327,739,1528,952,404,1753,2523,2816,2871,2333,3287,3492,2847,1636,1809,1404,943,1051,1569,1292,1079,1226,1137,1302,2052,1436,870,80925
Colombia,3,8,15,12,31,13,38,15,298,1,5,62,3,29,9,18,32,15,32,121,4,35,167,159,1,287,10,8,12,36,12,28,18,301,661,7,6,4,37,218,13,72,37,69,42,35,49,190,162,44,60,269,171,145,18,18,54,226,109,249,255,145,211,171,167,193,18,93,16,22,77,6170
Comoros,,,,,,,,,,,,,,,,,,,,,,,,,,,1,1,,,,,,,,,,1,,,,,,,,,,,,,,,,,,,,,6,,,,1,,,,,,,,,9
Congo,,,,,,,,,,,1,1,,0,,0,,,1,24,9,27,2,,7,2,2,,35,25,17,3,11,25,25,3,,,28,44,44,18,,,,,,27,0,1,0,,,8,7,4,1,0,,4,27,5,23,33,6,2,,,0,3,,503
Contras (Nicaragua)*,,,,,,,,,,,,,,,,,,,,,,,,,,,,,,,,,,7,1,,5,14,,,,,,,,,,,,,,,,,,,,,,,,,,,,,,,,,,28
Costa Rica,,,,,,3,0,,,,,,,1,,,0,,,,,,,1,,3,,,6,2,0,,,,0,1,1,,,2,,,,3,,,,,,,,,,,,,,,,,,,,,,,,,0,8,,31
Cote d'Ivoire,,,,,,,,,,,,3,1,1,,,2,3,19,2,7,17,1,,18,,,22,16,38,55,18,,,9,,,,,2,,,0,,,2,,0,,2,0,,31,61,9,,,,,,,,,,5,5,5,14,9,14,3,395
Croatia,,,,,,,,,,,,,,,,,,,,,,,,,,,,,,,,,,,,,,,,,,1,27,27,53,1,15,35,,,,57,2,24,8,,,19,99,4,11,19,19,,27,11,20,13,2,5,,499
Cuba,,8,12,13,20,3,35,11,23,10,153,523,1321,284,248,130,232,162,155,155,155,162,452,420,408,200,316,609,503,410,349,964,964,770,426,352,281,73,167,94,169,159,,,,,,,,,,,,,8,,,,,,,,,,,,,,,,,11906
Cyprus,,,,,,,,,,,,,,,18,22,,,,,,,,9,,,,,,,,,5,19,23,32,38,33,122,29,70,82,26,10,39,33,170,98,7,113,4,115,1,6,16,20,26,17,,,44,41,6,,,,,30,,19,30,1372
Czechia,,,,,,,,,,,,,,,,,,,,,,,,,,,,,,,,,,,,,,,,,,,,,,1,25,6,0,1,13,57,42,94,9,595,45,10,23,6,13,71,22,15,,0,,,7,1,12,1070
Czechoslovakia,90,247,707,1607,1008,1062,573,203,562,840,534,667,547,585,579,698,690,754,868,846,743,1100,956,1058,1087,837,213,300,560,498,468,824,898,806,920,1158,807,662,587,872,277,57,,,,,,,,,,,,,,,,,,,,,,,,,,,,,,29352
Darfur rebels (Sudan)*,,,,,,,,,,,,,,,,,,,,,,,,,,,,,,,,,,,,,,,,,,,,,,,,,,,,,,,,,,,,,,,,,,,1,,0,,,1
Denmark,96,72,361,648,165,172,159,157,114,203,139,335,57,133,482,449,66,72,71,19,312,362,111,,39,149,356,368,362,57,570,567,560,231,72,89,16,99,99,185,124,151,71,46,85,133,71,77,116,68,50,146,45,54,224,116,84,147,93,130,17,,105,38,173,42,102,52,49,43,67,11291
Djibouti,,,,,,,,,,,,,,,,,,,,,,,,,,,,3,6,33,5,2,3,3,,1,8,1,,,,1,19,5,,2,,,,,1,,3,,4,7,,,,,,,6,5,14,1,10,,,8,1,152
Dominican Republic,2,11,43,21,2,6,7,1,17,4,19,11,0,7,5,10,9,1,1,0,1,2,7,0,,2,12,,,,9,5,31,,25,2,0,,3,,,,,,,,4,,6,1,13,5,0,8,35,2,,,,10,50,12,,,,1,0,,,,4,430
DR Congo,,,,,,,,,,,2,9,13,32,83,31,26,16,7,28,19,155,15,5,9,379,131,31,38,15,10,12,15,5,16,1,1,36,1,,4,,2,,,0,61,6,10,46,88,12,19,,,26,24,,18,37,151,,10,1,,2,43,,1,,6,1708
East Germany (GDR),29,,178,92,10,,678,1122,1064,490,306,227,791,789,1054,922,1338,1181,1256,833,849,575,974,1028,973,580,1301,1083,1082,909,902,782,1071,925,1106,1361,654,362,598,674,403,,,,,,,,,,,,,,,,,,,,,,,,,,,,,,,30551
Ecuador,,,,10,14,124,6,,13,,66,,,3,3,29,9,21,5,1,5,81,35,15,22,40,224,570,191,110,296,152,262,403,360,23,25,40,26,20,3,136,4,18,9,36,29,95,27,16,,10,1,,15,47,47,2,102,77,89,68,88,11,53,27,26,20,5,3,21,4288
Egypt,152,46,0,1,133,755,1160,996,391,263,143,544,686,737,843,950,1533,2238,1269,1235,1681,1984,3263,2556,1077,565,159,410,135,630,1001,1176,2489,1692,1512,969,1484,1648,422,295,562,884,970,1254,2017,1715,981,1037,480,514,832,827,715,630,654,797,722,690,333,159,686,630,281,673,427,1443,1687,2388,1680,1039,1323,68253
ELF (Ethiopia)*,,,,,,,,,,,,,,,,,,,,,,,,,2,2,,,,,,,,,,,,,,,,,,,,,,,,,,,,,,,,,,,,,,,,,,,,,,4
El Salvador,0,,,,1,1,,17,,,,,,0,,1,1,0,20,3,9,1,,1,29,46,15,10,3,11,12,5,32,15,60,41,5,,,,,21,4,2,,4,4,,2,,,,19,10,,,,,3,,,,2,,20,,,1,1,2,4,439
EPLF (Ethiopia)*,,,,,,,,,,,,,,,,,,,,,,,,,,,,,,,0,1,1,0,,,,,,,,,,,,,,,,,,,,,,,,,,,,,,,,,,,,,,2
Equatorial Guinea,,,,,,,,,,,,,,,,,,,,,,,,,,,,,4,,1,,5,,,,,,,,,,,,,,,,,3,,7,,,7,11,7,28,30,68,3,57,65,2,92,,,,7,,,395
Eritrea,,,,,,,,,,,,,,,,,,,,,,,,,,,,,,,,,,,,,,,,,,,,21,18,7,41,53,214,31,20,57,18,17,80,98,,4,,,,,,,,,,,,,,678
Estonia,,,,,,,,,,,,,,,,,,,,,,,,,,,,,,,,,,,,,,,,,,,2,3,15,17,1,12,4,1,27,,1,13,8,20,7,19,29,43,13,1,2,18,2,18,29,33,17,54,23,432
eSwatini,,,,,,,,,,,,,,,,,,,,,,,,,,,,,,6,,,,,,,,,,,,,,,,,,,,,1,1,,,,,,,,,,,,,,,,,,,2,10
Ethiopia,2,19,,6,8,1,1,16,23,6,24,4,21,27,4,14,99,31,34,24,89,54,33,5,16,58,135,1107,965,113,330,328,516,353,273,247,348,239,155,47,2,80,,,,,,69,211,155,140,,20,174,239,,,,,,54,76,193,153,33,10,55,51,12,74,24,7601
FAN (Chad)*,,,,,,,,,,,,,,,,,,,,,,,,,,,,,0,,,,,,,,,,,,,,,,,,,,,,,,,,,,,,,,,,,,,,,,,,,0
Fiji,,,,,,,,,,,,,,,,,,,,,,,,,,8,4,,,,,,,,,,,,,,1,,3,,6,12,,,,,,,,,,,,,,,,,,,,,,1,,,7,42
Finland,,,19,,,11,15,3,25,41,54,65,38,237,77,81,42,76,23,21,15,5,26,13,172,127,90,30,105,47,328,119,132,112,126,203,97,69,143,85,90,65,442,407,248,197,553,398,562,770,474,9,17,242,67,92,131,141,135,42,52,58,77,296,198,293,160,50,101,93,63,9392
FMLN (El Salvador)*,,,,,,,,,,,,,,,,,,,,,,,,,,,,,,,,,,,,,,,,1,2,,,,,,,,,,,,,,,,,,,,,,,,,,,,,,,3
FNLA (Angola)*,,,,,,,,,,,,,,,,,,,,,,,,,,23,,,,,,,,,,,,,,,,,,,,,,,,,,,,,,,,,,,,,,,,,,,,,,23
France,180,997,1180,1663,1669,1603,1546,738,1113,802,529,325,122,162,1300,378,106,93,113,54,34,47,28,51,46,45,196,204,241,107,70,101,137,103,68,15,96,84,137,107,60,945,420,91,75,100,66,226,174,110,104,66,43,57,93,2,67,74,5,76,106,48,90,107,17,49,52,76,183,99,215,20484
FRELIMO (Portugal)*,,,,,,,,,,,,,,,,,,,,,,,,1,,,,,,,,,,,,,,,,,,,,,,,,,,,,,,,,,,,,,,,,,,,,,,,,1
Gabon,,,,,,,,,,,,3,,,3,0,2,,2,4,1,24,,2,10,35,48,28,77,,26,37,5,11,98,2,7,10,28,10,29,,,,,,,,,,,,,,6,,20,18,,,22,5,1,2,,5,3,,,25,,607
Gambia,,,,,,,,,,,,,,,,,,,,0,,,,,,,,,,,,3,,,,,,,,12,,,,,,,,,,,,,,,5,,,,,16,,,,,,,,,,,,36
Georgia,,,,,,,,,,,,,,,,,,,,,,,,,,,,,,,,,,,,,,,,,,,,4,,,,4,28,23,6,85,,1,37,92,97,161,132,38,,2,,5,1,,,7,43,6,,772
Germany,,,,,,85,1356,2270,2798,1523,2033,2018,2457,3283,3710,3323,3211,1336,1198,1223,1387,2384,838,1742,2132,1835,1387,1042,691,65,150,261,453,434,412,130,310,320,429,707,716,695,685,535,423,228,246,60,543,129,113,133,71,64,238,199,409,75,285,339,282,84,131,113,95,96,55,43,14,38,52,56119
Ghana,,,,,,,,,,1,12,107,20,6,40,40,24,1,,,,,12,8,19,28,39,,18,7,38,50,,,,5,,13,,2,4,1,,,11,,7,5,,7,1,12,1,6,35,0,0,16,,11,2,76,39,50,14,13,22,,0,2,6,833
Greece,97,500,307,85,152,203,92,354,475,314,264,82,330,98,631,488,213,376,107,305,304,588,695,246,418,922,1298,987,1290,740,675,968,462,401,366,189,202,36,526,1220,907,487,2128,898,1216,871,380,807,1719,842,708,788,403,2170,1106,411,721,1712,483,1224,630,70,18,28,204,728,302,51,38,93,101,40252
Grenada,,,,,,,,,,,,,,,,,,,,,,,,,,,,,,,,,1,,,,,,,,,,,,,,,,,,,,,,,,,,,,,,,,,,,,,,,1
Guatemala,,6,,,2,8,6,,,5,16,,1,7,8,5,,1,16,1,,46,1,0,15,47,15,1,1,5,8,48,16,1,7,25,2,0,0,4,0,0,,13,4,4,2,,1,,,,,,,,,,0,,,,2,,,33,,,4,14,,403
Guinea,,,,,,,,,,18,33,0,,0,0,17,,6,,0,1,4,4,18,24,2,18,8,45,69,,1,1,1,,,39,,,40,1,1,,,,,,,4,,18,6,,2,,1,,0,,,5,1,4,,6,,,2,1,4,,404
Guinea-Bissau,,,,,,,,,,,,,,,,,,,,,,,,,21,10,12,,14,24,2,1,,,11,,35,,20,,20,6,,5,,,,,,,,,,,,,,,,,,,,,,,,,,,,181
GUNT (Chad)*,,,,,,,,,,,,,,,,,,,,,,,,,,,,,,,,,,,,4,4,,,,,,,,,,,,,,,,,,,,,,,,,,,,,,,,,,,8
Guyana,,,,,,,,,,,,,,,,,,,0,,,2,,,2,0,15,5,1,5,4,14,,3,7,23,,,,,,,,,,,,,,,,7,2,,,,,,0,,,,,,,,,,0,2,,93
Haiti,4,,3,,,,6,1,,,6,,,,1,,,,,8,,,,3,4,1,1,0,9,,,3,4,3,,10,,,,,,,,,,,,,,,,,,,,,,,,,,,,,,,,,,,,66
Haiti rebels*,,,,,,,,,,,,,,,,,,,,7,,,,,,,,,,,,,,,,,,,,,,,,,,,,,,,,,,,,,,,,,,,,,,,,,,,,7
Hamas (Palestine)*,,,,,,,,,,,,,,,,,,,,,,,,,,,,,,,,,,,,,,,,,,,,,,,,,,,,,,,,,,,,,1,2,,,0,,,,,,,3
Hezbollah (Lebanon)*,,,,,,,,,,,,,,,,,,,,,,,,,,,,,,,0,0,0,0,1,1,1,1,1,1,0,1,1,1,0,1,2,0,0,0,0,0,3,0,1,0,9,,,20,20,,,,,,,,,,,65
Honduras,,1,2,,1,,9,1,12,1,,,14,,,1,6,,,19,,,,2,,31,30,25,29,9,13,27,30,33,25,36,76,13,44,17,,,,,,,,,,,,,,,,,,,0,,,0,0,20,13,8,,10,1,23,0,581
Houthi rebels (Yemen)*,,,,,,,,,,,,,,,,,,,,,,,,,,,,,,,,,,,,,,,,,,,,,,,,,,,,,,,,,,,,,,,,,,,,20,,,,20
Hungary,56,53,13,802,699,222,1,59,259,331,599,575,292,379,747,667,150,290,271,447,22,237,121,393,554,495,378,394,586,485,384,143,142,117,251,229,79,80,35,59,14,22,,935,2,1,156,99,46,72,14,14,,,72,13,253,196,5,4,18,9,,2,7,,14,6,27,16,57,14164
Iceland,,,,,,,,,,,20,,,,,,,,27,,,,,,,27,,,,,,,,,,,,,,,,,,,,,,,,,,,,,,,,,,,,50,,,,,,,,,,123
India,141,277,104,430,265,350,366,980,954,855,544,1122,371,647,920,1049,994,1265,1655,1518,872,1870,1818,1336,1301,1106,1932,2389,1201,1199,1768,2123,2275,2656,2782,3001,4266,3930,3857,3694,2856,1885,1186,737,884,1401,844,1666,753,1211,983,1193,2022,2741,2215,1200,1485,2275,1858,1864,2912,3599,4393,5382,3380,3149,3038,2980,1705,3444,2813,128232
Indonesia,195,58,14,6,16,25,42,30,624,647,441,752,993,180,518,330,16,1,0,9,27,92,5,73,73,4,156,60,126,376,910,796,360,228,100,289,432,264,291,248,202,11,52,214,471,285,379,105,88,164,150,26,68,358,79,37,65,580,243,442,225,249,212,823,1190,438,380,1169,339,212,269,19333
Indonesia rebels*,,,,,,,,,6,,,,,,,,,,,,,,,,,,,,,,,,,,,,,,,,,,,,,,,,,,,,,,,,,,,,,,,,,,,,,,,6
Iran,4,6,0,1,11,30,41,36,160,109,84,107,127,137,141,171,407,330,763,1305,1237,1768,1449,2060,2854,5168,4459,5566,3743,536,278,487,541,509,474,548,803,833,478,193,454,1025,432,987,448,292,613,176,379,321,416,522,433,280,119,55,421,329,60,95,95,94,40,13,13,13,413,3,3,3,2,46500
Iraq,,,59,53,19,61,105,38,186,170,168,118,278,201,321,248,341,345,368,405,154,187,624,1846,1425,1103,1136,1050,1782,1359,2241,2574,3257,3365,4526,3954,3376,3459,1897,1493,819,,,,,,,,,,,,,,71,186,312,275,379,399,436,574,476,353,665,1480,1805,1004,477,139,1,54142
Ireland,2,,,4,,,8,,1,,1,,,2,1,,,,,,7,9,22,3,1,4,3,5,28,31,48,15,,,11,,38,,24,,,11,,,41,,,,3,35,0,45,22,,20,5,13,19,22,0,5,2,2,,40,43,43,2,7,35,11,693
Israel,53,97,73,70,2,111,731,133,143,223,163,84,261,396,417,437,319,282,961,1382,1131,1350,898,1980,1180,1643,1942,1263,1336,707,1269,1654,866,487,286,309,1185,1080,582,24,81,1208,1303,716,755,362,116,67,1291,1191,354,117,350,191,847,1135,1125,835,679,157,72,89,123,211,544,683,608,540,546,521,372,44698
Italy,158,232,883,1309,308,587,983,763,407,424,409,426,876,1207,1129,722,406,106,195,607,681,1090,1752,1005,1111,1018,714,521,694,607,481,135,253,307,273,208,200,183,179,196,158,206,187,208,201,334,286,519,56,25,241,221,239,564,451,162,423,515,214,101,102,286,203,83,138,247,758,726,312,178,202,32292
Jamaica,,,,,,,,,,,,,1,1,0,,,3,,,,1,,13,8,4,1,3,4,,,0,,,,5,3,,,4,,,,,,,,,10,10,,,,,,10,10,13,2,,1,,,1,,2,22,,19,3,10,161
Japan,,,8,223,314,408,757,1059,1239,668,859,338,221,204,1718,1162,324,605,552,529,651,777,677,636,1004,1676,1665,966,1086,995,1067,1347,1461,1706,2062,1981,1903,1949,2006,2296,2698,2948,2520,2135,1022,1244,859,831,1477,1270,497,435,446,483,404,398,481,517,693,628,403,268,205,252,307,329,330,441,654,911,699,65883
Jordan,0,,7,0,27,34,62,,44,4,30,15,55,39,33,55,92,126,48,238,130,68,66,87,184,372,337,464,593,279,386,404,1064,789,480,294,250,143,247,59,16,24,,1,5,19,75,77,248,63,133,160,132,281,169,49,53,181,161,235,90,215,176,75,197,233,232,368,187,233,157,11850
Katanga,,,,,,,,,,,1,8,,,,,,,,,,,,,,,,,,,,,,,,,,,,,,,,,,,,,,,,,,,,,,,,,,,,,,,,,,,,10
Kazakhstan,,,,,,,,,,,,,,,,,,,,,,,,,,,,,,,,,,,,,,,,,,,,,,99,2,64,,72,121,139,20,,47,42,44,82,25,39,58,62,94,141,82,444,253,216,298,228,269,2942
Kenya,,,,,,,,,,,,,,,6,15,19,2,2,3,0,20,9,2,28,25,17,58,211,56,119,144,91,20,12,6,26,176,,23,42,14,,,30,,,58,,,12,,,,,,,10,,34,116,14,62,1,17,30,30,16,5,18,71,1667
Khmer Rouge (Cambodia)*,,,,,,,,,,,,,,,,,,,,,,2,6,2,2,2,,,,,,,,,,,,,2,,9,,,,,,,,,,,,,,,,,,,,,,,,,,,,,,,25
Kiribati,,,,,,,,,,,,,,,,,,,,,,,,,,,,,,,,,,,,,,,,,,,,,6,,,,,,,,,,,,,,,,,,,,,,,,,,,6
Kosovo,,,,,,,,,,,,,,,,,,,,,,,,,,,,,,,,,,,,,,,,,,,,,,,,,,,,,,,,,,,,,,,,,1,,,,1,,4,6
Kurdistan Regional Government (Iraq)*,,,,,,,,,,,,,,,,,,,,,,,,,,,,,,,,,,,,,,,,,,,,,,,,,,,,,,,,,,,,,,,,,1,1,,,,,,1
Kuwait,,,,0,5,1,,,2,,44,,10,34,46,25,8,,104,97,54,111,30,,5,77,230,490,487,198,35,13,175,291,494,621,170,50,6,132,325,516,896,694,35,632,1189,478,46,216,245,67,23,43,2,12,5,288,5,9,85,113,31,73,692,339,164,111,95,51,62,11585
Kyrgyzstan,,,,,,,,,,,,,,,,,,,,,,,,,,,,,,,,,,,,,,,,,,,,,,,,,,,,,,9,5,3,2,,,,,,,,,4,9,13,1,15,,61
Laos,,,,,1,2,1,1,10,2,3,4,19,15,7,7,14,14,4,6,32,17,14,43,1,37,21,134,26,,35,54,2,94,26,59,,29,18,,8,,,,,,,44,21,30,7,,,0,,4,,,7,26,,14,19,19,,7,,2,117,27,17,1118
Latvia,,,,,,,,,,,,,,,,,,,,,,,,,,,,,,,,,,,,,,,,,,,0,8,12,14,0,0,0,4,3,13,3,25,12,4,9,51,46,11,15,27,9,5,5,3,27,29,20,30,12,399
Lebanon,5,,2,9,3,17,,40,74,11,,3,13,18,,34,72,80,1,,,7,49,41,28,11,3,8,2,19,37,9,36,93,192,71,,,,,,,40,40,18,42,27,9,7,4,4,,,,,1,,5,1,52,64,1,31,24,6,48,28,50,52,74,54,1670
Lebanon Palestinian rebels*,,,,,,,,,,,,,,,,,,,,,,,,,,,,,,,,5,5,,,,,,15,,,,,,,,,,,,,,,,,,,,,,,,,,,,,,,,,25
Lesotho,,,,,,,,,,,,,,,,,,,,,,,,,,,,1,,5,3,,,1,,0,10,,,8,,4,,,,,,,5,,,6,,,1,,1,,,,,,,,,,,1,1,1,,48
LF (Lebanon)*,,,,,,,,,,,,,,,,,,,,,,,,,,,,,,,,,,,9,,,12,52,20,,0,0,,,,,,,,,,,,,,,,,,,,,,,,,,,,,94
Liberia,,,,,,,,,,1,,,,,2,,,18,,,,0,1,,,,2,,1,,,,,,,,5,7,,12,3,,,,,,,,,1,8,,,,,,,,,,,,,,,,,,,,0,61
Libya,,,,,,,,3,,1,14,17,2,3,15,9,26,12,57,155,371,533,534,733,1767,1637,1875,3056,4214,3166,2941,3156,2746,1394,730,750,401,184,9,218,10,,,,,,,,,9,,,,,,1,16,16,16,22,37,8,73,116,,,,,,,,31048
Libya GNC,,,,,,,,,,,,,,,,,,,,,,,,,,,,,,,,,,,,,,,,,,,,,,,,,,,,,,,,,,,,,,,,,,,2,,,18,0,21
Libya HoR*,,,,,,,,,,,,,,,,,,,,,,,,,,,,,,,,,,,,,,,,,,,,,,,,,,,,,,,,,,,,,,,,,17,37,13,6,11,26,,109
Lithuania,,,,,,,,,,,,,,,,,,,,,,,,,,,,,,,,,,,,,,,,,,,70,10,,4,15,,15,5,6,16,13,1,47,9,52,4,27,27,8,1,1,73,2,13,28,7,8,50,103,616
LRA (Uganda)*,,,,,,,,,,,,,,,,,,,,,,,,,,,,,,,,,,,,,,,,,,,,,,,,,,,,,0,,,,,,,,,,,,,,,,,,,0
LTTE (Sri Lanka)*,,,,,,,,,,,,,,,,,,,,,,,,,,,,,,,,,,,,,,,,,,,,,0,0,,,0,0,1,,1,,,0,,,,,,,,,,,,,,,,3
Luxembourg,,,0,0,,,,,,,,,,,,,,,,,,,,,1,,,,,,,,1,,,,,,,,,,,,,,3,,,1,,,,1,,,,,,7,7,,1,,,,0,0,,3,88,114
Madagascar,,,,,,,,,,,,3,,1,0,7,,12,1,1,,0,0,,18,6,,,,64,43,0,,8,,6,,,,,,,,,,,21,,,,,,,,,,,,,0,,,,0,,,,,1,4,1,198
Malawi,,,,,,,,,,,,,,,5,,,,,,,,0,,,,2,6,7,8,14,14,,,1,6,10,1,2,3,10,,,,2,,,,,,,,,,,,,,3,,,,1,2,2,2,0,,,,,101
Malaysia,,,,,,,,,13,18,5,2,31,75,97,10,58,128,91,79,25,195,112,205,50,85,394,146,72,310,127,56,26,271,546,410,146,5,14,38,,34,13,13,308,848,33,563,39,730,25,28,152,147,63,59,408,519,500,1514,437,5,17,77,73,118,283,193,90,67,58,11250
Maldives,,,,,,,,,,,,,,,,,,,,,,,,,,,,,,,,,,,,,,,,,,,2,,,,,0,8,,,,,,,,15,,,,5,,,5,,,,,,,3,37
Mali,,,,,,,,,,,,3,10,4,,,1,10,,2,,15,,,,9,89,,,,,91,4,15,13,0,,,1,,1,,,,0,,,9,4,,7,,1,4,,13,,8,3,10,,0,9,6,1,,21,31,25,17,44,481
Malta,,,,,,,,,,,,,,,,,,,,,,,0,0,,,,,8,,1,,,,,,,,,,,,13,,,0,1,6,0,,0,0,,,,18,,,,,,8,8,,12,10,6,8,,,,98
Marshall Islands,,,,,,,,,,,,,,,,,,,,,,,,,,,,,,,,,,,,,,,2,,,6,,,,,,,,,,,,,,,,,,,,,,,,,,,,,,8
Mauritania,,,,,,,,,,,2,1,1,6,1,1,,,,,11,13,,1,5,5,10,24,17,24,,19,16,,0,3,,,,8,16,18,,,16,2,2,8,4,,31,,27,7,,,,,,,9,5,11,,8,1,35,,1,34,,400
Mauritius,,,,,,,,,,,,,,,,,,,0,,,0,,,2,,,,,3,,,,,,1,,,,,7,,,8,,,29,1,,,,,,,7,,,,,,,,,,28,,26,19,,,,130
Mexico,,7,,6,,,,,16,2,21,30,109,60,38,11,21,14,,,82,48,15,158,61,104,69,39,68,62,78,118,345,117,,8,144,155,98,64,35,45,19,160,133,50,87,485,23,141,227,152,96,31,320,33,75,,25,59,109,228,257,51,85,319,320,212,16,,257,6219
Micronesia,,,,,,,,,,,,,,,,,,,,,,,,,,,,,,,,,,,,,,,,2,14,,,,,,,6,,,,,,,,,,,,,,,,,,,,,,,,23
MNLF (Philippines)*,,,,,,,,,,,,,,,,,,,,,,,0,,,,,,,,,,,,,,,,,,,,,,,,,,,,,,,,,,,,,,,,,,,,,,,,,0
Moldova,,,,,,,,,,,,,,,,,,,,,,,,,,,,,,,,,,,,,,,,,,,8,,3,9,,,,,,,,,,,,,,,,,,,,,,,,,,19
Mongolia,,5,28,5,3,10,9,12,12,,10,66,90,86,120,137,116,63,15,14,15,13,8,58,76,190,26,24,42,29,60,72,152,114,110,98,27,36,27,,,,,,,,,,,,,,,,,,,,14,,27,3,79,,,74,,,,17,,2188
Montenegro,,,,,,,,,,,,,,,,,,,,,,,,,,,,,,,,,,,,,,,,,,,,,,,,,,,,,,,,,,,,,,,,,,1,0,,15,,4,20
Morocco,,,,,,,28,12,10,13,22,37,93,14,16,82,153,141,81,41,80,1,,21,198,206,216,408,419,723,453,780,517,386,59,38,31,32,111,126,137,62,17,98,117,28,89,220,,60,125,11,155,12,14,101,47,27,46,39,309,1409,895,62,572,47,287,605,462,48,12,11657
Mozambique,,,,,,,,,,,,,,,,,,,,,,,,,,28,33,150,492,111,52,60,64,59,94,73,6,,,,,,,,,,,,,2,,,,1,,,,,,,,0,0,9,15,0,2,,,22,1,1274
MPLA (Portugal)*,,,,,,,,,,,,,,,,,,,,,,,0,1,,,,,,,,,,,,,,,,,,,,,,,,,,,,,,,,,,,,,,,,,,,,,,,,1
MTA (Myanmar)*,,,,,,,,,,,,,,,,,,,,,,,,,,,,,,,,,,,,,,,,,,,,0,0,,,,,,,,,,,,,,,,,,,,,,,,,,,0
Mujahedin (Afghanistan)*,,,,,,,,,,,,,,,,,,,,,,,,,,,,,,,,,2,2,7,7,29,59,21,11,,,,,,,,,,,,,,,,,,,,,,,,,,,,,,,,138
Myanmar,4,0,0,16,39,47,30,53,61,29,6,17,14,27,18,19,3,13,6,22,4,23,4,,,53,10,9,25,21,41,,38,,,,9,,,34,266,232,29,323,97,223,118,231,156,141,16,154,157,99,194,160,175,153,80,62,59,668,395,250,102,244,283,215,188,193,212,6571
Namibia,,,,,,,,,,,,,,,,,,,,,,,,,,,,,,,,,,,,,,,,,,,,,2,4,,4,5,,,21,11,,16,,72,,24,15,3,1,57,9,2,,3,35,,,,285
NATO**,,,,,,,,26,26,26,26,22,5,,,,,7,14,14,14,,,,,,,,,,,,1250,1250,1250,802,,,18,36,,,,,,,,,,18,,18,,,,,116,,,420,,,22,,,,12,25,21,70,399,5904
Nepal,,,,,,,,,,,,,,,,2,0,,,,8,8,3,1,2,15,6,,,,,1,,,3,3,,,,1,,,1,,,1,,,,,,11,9,9,34,6,,,1,,,3,,,5,14,8,1,7,36,,196
Netherlands,154,454,423,975,784,719,1171,703,467,146,294,309,370,711,910,745,182,741,266,555,699,698,662,21,40,96,266,579,699,775,621,757,1243,1356,1203,899,813,629,383,711,274,324,239,142,210,83,205,126,271,278,123,164,244,125,127,98,317,237,154,293,190,120,254,451,8,59,75,33,144,492,570,30654
New Zealand,41,72,148,13,,38,148,90,58,,119,111,8,5,,10,407,4,56,,168,133,20,19,7,48,7,34,,,,31,62,100,41,9,29,5,59,26,23,42,55,36,16,7,7,309,16,304,,45,17,108,49,10,6,81,3,56,58,28,30,26,85,90,,,6,3,125,3764
Nicaragua,,,,3,15,27,1,4,6,,2,8,6,8,0,0,2,,,,,5,5,10,,,8,19,13,,,41,67,47,165,87,88,151,63,14,102,1,,,,,,,,,,,,,,,,14,,14,,,,,13,15,86,7,,13,,1128
Niger,,,,,,,,,,,1,1,,,1,1,,,,2,1,12,,,3,,,,2,57,7,,6,13,3,,3,,,,,7,,,,,,3,,,,,,5,,,,,8,1,0,0,,13,4,10,0,3,0,5,18,189
Nigeria,,,,,,,,,,5,,1,8,9,2,116,99,45,46,39,14,12,113,7,24,424,104,68,136,87,502,326,626,41,359,572,212,115,62,15,18,3,58,41,95,2,15,1,,,36,9,6,62,11,,15,59,33,65,189,63,28,30,220,187,50,41,49,18,108,5698
NLA (Macedonia)*,,,,,,,,,,,,,,,,,,,,,,,,,,,,,,,,,,,,,,,,,,,,,,,,,,,,0,,,,,,,,,,,,,,,,,,,,0
Northern Alliance (Afghanistan)*,,,,,,,,,,,,,,,,,,,,,,,,,,,,,,,,,,,,,,,,,,,,,,,,,,2,19,207,,,,,,,,,,,,,,,,,,,,228
Northern Cyprus,,,,,,,,,,,,,,,,,,,,,,,,,,,,,,,,,,,,,,,,,,,,,,,,,1,,,,,,,,,,,,,,,,,,,,,,,1
North Korea,861,372,211,674,263,404,479,428,827,579,405,69,181,197,168,117,855,854,1299,605,629,1572,568,640,933,636,502,312,369,238,416,263,549,511,283,1040,1097,849,854,595,295,198,137,93,35,143,78,9,9,179,18,28,9,8,8,5,5,5,5,4,1,,,,,,,,,,,23975
North Macedonia,,,,,,,,,,,,,,,,,,,,,,,,,,,,,,,,,,,,,,,,,,,,,27,0,,,12,81,14,112,,,,,0,,,,,,,1,,,0,,,,,248
North Yemen,0,,4,,,1,,60,19,8,,23,,,,,0,,27,11,,,,,9,9,0,13,14,740,700,149,45,9,98,101,,,80,,,,,,,,,,,,,,,,,,,,,,,,,,,,,,,,,2121
Norway,113,127,426,421,19,168,282,142,144,110,145,93,60,227,260,371,773,696,289,524,145,86,68,63,55,49,35,27,24,44,251,435,457,441,337,122,141,198,308,667,369,322,254,181,94,79,152,159,152,155,229,99,90,9,6,14,557,596,615,583,159,606,143,51,16,143,142,352,527,401,427,17021
NTC (Libya)*,,,,,,,,,,,,,,,,,,,,,,,,,,,,,,,,,,,,,,,,,,,,,,,,,,,,,,,,,,,,,,1,,,,,,,,,,1
Oman,,,,,,,,,,1,1,,,1,1,1,2,7,5,36,26,60,11,71,67,181,150,250,81,43,12,72,182,356,120,86,49,40,19,119,59,,,55,145,278,293,165,22,,120,33,40,36,41,170,296,12,72,94,31,21,120,487,714,127,423,777,277,86,85,7127
OSCE**,,,,,,,,,,,,,,,,,,,,,,,,,,,,,,,,,,,,,,,,,,,,,,,,,,,,,,,,,,,,,,,,,1,1,,,,,,1
PAIGC (Portugal)*,,,,,,,,,,,,,,,,,,,,,,,0,1,,,,,,,,,,,,,,,,,,,,,,,,,,,,,,,,,,,,,,,,,,,,,,,,1
Pakistan,194,169,145,95,145,195,158,529,353,323,42,69,88,181,85,214,594,153,418,559,447,553,664,162,230,241,279,264,649,710,854,485,537,777,856,747,280,616,411,962,623,498,352,972,863,366,500,691,699,874,182,419,565,652,477,443,356,694,1071,1192,2215,1130,1009,1090,829,780,839,877,879,669,760,38995
Palau,,,,,,,,,,,,,,,,,,,,,,,,,,,,,,,,,,,,,,,,,2,,,,,,6,,,,,,,,,,,,,,,,,,,,,,,,7,15
Palestine,,,,,,,,,,,,,,,,,,,,,,,,,,,,,,,,,,,,,,,,,,,,,5,1,9,,,,,,,,,,,2,,14,6,,,,,,,,,2,,37
Panama,,,,,,,,,,,,,,,0,,,,0,3,15,18,2,16,,27,6,4,5,,3,4,13,8,0,7,,,23,2,,,2,,,,0,12,,,,,1,,,,,,,7,,,15,30,,,3,15,11,,,249
Papua New Guinea,,,,,,,,,,,,,,,,,,,,,,,,,,32,,3,2,,,2,5,,3,,8,12,6,6,4,10,10,,1,,0,7,,,,,,,,,,,,,,,,,3,,,0,10,,,123
Paraguay,5,,1,1,,0,,,,,9,,11,0,8,1,1,5,9,,0,1,12,0,1,20,3,,9,1,18,5,3,1,3,34,4,,14,,6,3,1,,,,2,,,,,6,,,4,1,,,,,3,8,7,0,,,,,,2,,225
Pathet Lao (Laos)*,,,,,,,,,,,11,11,15,,,,,,,,,,,,,,,,,,,,,,,,,,,,,,,,,,,,,,,,,,,,,,,,,,,,,,,,,,,38
Peru,2,24,85,17,111,35,175,117,30,175,191,96,14,24,18,52,65,26,188,89,35,157,184,459,562,555,374,934,770,639,706,865,278,324,356,257,250,616,240,10,97,108,124,42,175,46,122,369,51,96,24,10,16,22,47,368,193,172,,43,46,63,10,22,152,212,223,65,94,0,28,13140
Philippines,,2,1,32,22,37,39,42,29,64,51,45,11,4,2,102,86,43,16,26,9,90,52,117,53,133,256,198,143,92,75,39,17,117,39,23,,26,12,19,33,34,43,61,71,27,40,70,64,,,10,5,10,34,12,23,16,10,1,3,63,16,78,12,153,227,276,18,187,349,4106
PIJ (Israel/Palestine)*,,,,,,,,,,,,,,,,,,,,,,,,,,,,,,,,,,,,,,,,,,,,,,,,,,,,,,,,,,,,,,,0,,,,,,,,,0
PKK (Turkey)*,,,,,,,,,,,,,,,,,,,,,,,,,,,,,,,,,,,,,,,,,,,,,0,,,0,,,,,,,,,,,,,,,,,,0,,,,,,1
PLO (Israel)*,,,,,,,,,,,,,,,,,,,,,,,,,,,0,0,,0,4,12,14,,,,0,,,,,,,,,,,,,,,,,,,,,,,,,,,,,,,,,,,31
Poland,190,575,794,1021,1999,1098,687,1080,1048,994,853,849,688,1001,1565,1155,981,746,861,933,933,925,851,1047,1067,966,788,928,1113,1128,1091,808,724,528,462,918,1380,1020,896,498,227,76,95,5,69,245,102,1,3,25,148,33,256,350,226,103,439,966,632,190,169,137,223,145,259,140,55,154,71,319,196,43246
Portugal,18,17,116,280,369,162,90,157,99,48,31,150,28,41,45,62,235,298,388,359,370,177,16,16,117,326,64,94,128,5,36,50,190,4,109,154,5,9,90,135,70,1013,19,361,453,20,8,0,16,3,2,19,,29,70,158,220,60,144,370,893,167,39,12,3,1,21,8,20,45,45,9379
PRC (Israel/Palestine)*,,,,,,,,,,,,,,,,,,,,,,,,,,,,,,,,,,,,,,,,,,,,,,,,,,,,,,,,,,,,,,,,,0,,,,,,,0
Provisional IRA (UK)*,,,,,,,,,,,,,,,,,,,,,,,,,,,,,,,,,,,,,0,1,,,,,,,,,,,,,,,,,,,,,,,,,,,,,,,,,,1
Qatar,,,,,,,,,,,,,,,,,,,2,3,6,16,,,,38,26,55,16,14,55,46,128,470,328,2,2,57,91,10,5,17,64,11,10,11,201,244,302,72,14,11,11,11,,,,27,,286,30,180,335,80,55,519,905,665,620,2199,943,9189
Regional Security System**,,,,,,,,,,,,,,,,,,,,,,,,,,,,,,,,,,,,,,,,,,,,,,,,,,14,,,,,,,,,,,,,,,,,,,,,,14
Romania,4,76,407,809,605,454,448,186,106,97,113,27,181,227,418,518,401,442,591,399,561,474,501,539,683,646,295,349,298,645,528,478,448,285,241,331,456,215,193,276,606,63,184,14,29,2,39,61,170,142,21,24,21,17,285,437,61,98,76,56,107,80,21,20,0,22,177,88,37,13,187,18104
RPF (Rwanda)*,,,,,,,,,,,,,,,,,,,,,,,,,,,,,,,,,,,,,,0,,,,,,,,,,,,,,,,,,,,,,,,,,,,,,,,,,0
RUF (Sierra Leone)*,,,,,,,,,,,,,,,,,,,,,,,,,,,,,,,,,,,,,,,,,,,,,,,,,,0,,,,,,,,,,,,,,,,,,,,,,0
Russia,,,,,,,,,,,,,,,,,,,,,,,,,,,,,,,,,,,,,,,,,,,40,,,,,,,,,,,,,,4,90,,8,25,10,121,183,218,85,119,93,52,,,1047
Rwanda,,,,,,,,,,,,,5,,0,0,,,,,,0,0,2,1,3,,1,,,,,,4,6,3,2,,2,2,1,2,5,,,,1,2,9,20,14,,,,,,3,20,8,11,,,5,15,14,27,,8,3,1,,195
Saint Kitts and Nevis,,,,,,,,,,,,,,,,,,,,,,,,,,,,,,,,,,,,6,,,,,,,,,,,,,,,,,,,,,,,,,,,,,,,,,,,,6
Saint Vincent,,,,,,,,,,,,,,,,,,,,,,,,,,,,,,,,,,,,,,4,,,,,,,,,,,,,,,,,,,,,,,,,,,,,,,,,,4
Samoa,,,,,,,,,,,,,,,,,,,,,,,,,,,,,,,,,,,,,,,6,,,,,,,,,,,,,,,,,,,,,,,,,,,,,,,7,,13
Saudi Arabia,0,,7,1,2,16,10,72,37,8,17,12,22,,5,48,227,221,456,383,54,10,104,185,378,479,612,951,1020,765,1090,1810,2214,1819,836,1328,2849,2003,776,1382,2043,1041,1125,2377,981,983,1733,2790,2895,1580,85,61,567,167,1170,166,205,230,391,824,1092,1222,1033,1614,2740,3377,2961,3929,3266,3485,2543,70884
Senegal,,,,,,,,,,,0,8,,0,4,0,1,,1,19,,12,,1,17,,14,41,20,29,,,7,38,4,,14,18,,,,,,,1,6,,,,,,,,,,15,9,12,6,4,4,16,,,7,15,40,47,13,40,23,504
Serbia,,,,,,,,,,,,,,,,,,,,,,,,,,,,,,,,,,,,,,,,,,,4,2,2,8,1,13,6,1,1,27,,,,,,,,,16,,0,,,,14,65,3,155,133,450
Seychelles,,,,,,,,,,,,,,,,,,,,,,,,,,,,1,,19,6,1,2,15,,,10,,1,,0,,,,,,,,,,,,,,,15,,,,,,7,,8,16,,8,,8,,,114
Sierra Leone,,,,,,,,,,,,,,,,,,,,,,,,28,,,1,,2,,42,,,1,3,,,18,,,,,1,,6,14,,16,,12,,,,,,,9,,,,,2,0,1,,0,1,,,,,158
Singapore,,,,,,,6,,,,,,,,,1,8,,6,138,92,165,177,99,295,255,254,171,50,338,410,167,176,245,83,123,75,277,543,234,523,371,111,170,182,305,171,624,813,313,798,255,236,86,379,541,72,358,1114,1429,958,895,745,749,65,147,633,430,594,517,180,19151
SLA (Lebanon)*,,,,,,,,,,,,,,,,,,,,,,,,,,,,,,,,,,,5,7,10,17,1,,,,,,,,5,,,,,,,,,,,,,,,,,,,,,,,,,44
Slovakia,,,,,,,,,,,,,,,,,,,,,,,,,,,,,,,,,,,,,,,,,,,,146,29,208,29,,,,0,,27,,1,4,,0,0,9,9,,2,5,,,,47,34,15,25,588
Slovenia,,,,,,,,,,,,,,,,,,,,,,,,,,,,,,,,,,,,,,,,,,2,10,22,11,22,20,8,4,19,2,41,2,17,17,3,3,2,,10,40,28,,,1,,,,,,,284
SNA (Somalia)*,,,,,,,,,,,,,,,,,,,,,,,,,,,,,,,,,,,,,,,,,,,,,,,,,2,,,,,,,,,,,,,,,,,,,,,,,2
Solomon Islands,,,,,,,,,,,,,,,,,,,,,,,,,,,,,,,,,,,,,,,6,,,6,,,,,,,,,,,,,,,,,,,,,,,,,,,,7,,19
Somalia,,,,,,,,,,,10,2,0,11,,30,52,72,4,1,,,21,165,283,128,180,44,57,48,120,97,61,23,12,42,15,,,,16,,,,,,,,,1,,,,,,,,,,,,,,3,,1,2,2,,8,3,1516
South Africa,37,73,183,53,49,105,270,173,169,68,13,,215,476,266,348,471,260,183,176,475,274,227,311,193,226,415,508,391,130,200,121,49,225,127,28,212,21,7,13,13,28,363,244,241,42,42,11,,21,6,18,,,,267,741,910,493,134,180,212,132,2,50,2,,,,,,11890
Southern rebels (Yemen)*,,,,,,,,,,,,,,,,,,,,,,,,,,,,,,,,,,,,,,,,,,,,,80,,,,,,,,,,,,,,,,,,,,,,,,,,,80
South Korea,155,256,266,263,158,351,461,290,264,252,195,180,132,218,283,631,570,130,357,499,93,235,373,253,450,654,556,1192,381,1354,924,893,684,501,527,765,880,770,1220,1851,1213,926,792,1038,1037,1964,1985,1237,1435,1654,1401,777,533,757,1068,815,1659,1732,1690,798,1299,1570,1078,191,725,257,1058,1052,1100,1480,1292,56077
South Sudan,,,,,,,,,,,,,,,,,,,,,,,,,,,,,,,,,,,,,,,,,,,,,,,,,,,,,,,,,,37,44,1,2,61,2,9,35,19,8,,,,,216
South Vietnam,,,,0,45,87,121,28,20,20,43,111,165,131,80,143,182,253,285,568,654,970,2538,629,352,,,,,,,,,,,,,,,,,,,,,,,,,,,,,,,,,,,,,,,,,,,,,,,7424
South Yemen,,,,,,,,,,,,,,,,,,29,13,58,17,49,112,83,68,12,,8,55,1082,1221,499,41,99,71,52,74,89,12,45,,,,,,,,,,,,,,,,,,,,,,,,,,,,,,,,3787
Soviet Union,36,,,8,70,945,1538,1500,1500,975,692,175,174,237,463,485,583,576,543,578,523,525,795,583,957,771,800,876,803,842,767,804,671,725,914,1004,1379,1533,1611,1201,693,132,,,,,,,,,,,,,,,,,,,,,,,,,,,,,,29984
Spain,1,,,78,88,217,273,287,135,293,231,112,55,14,60,401,277,279,133,191,241,617,767,906,582,1186,832,325,447,659,692,630,508,605,84,331,1096,1102,1958,856,708,110,211,301,855,357,425,212,86,371,329,145,277,254,315,363,315,339,349,231,288,168,224,155,109,135,86,68,136,35,64,25568
SPLA (Sudan)*,,,,,,,,,,,,,,,,,,,,,,,,,,,,,,,,,,,,,,1,1,,,,,,,,,,,,,,,,,,,,,,,,,,,,,,,,,2
Sri Lanka,0,,0,17,,8,1,2,20,31,4,,,,0,,,,,2,,33,47,,,1,0,17,7,,18,,,,48,42,27,110,19,5,19,166,22,35,74,64,207,48,83,62,293,158,42,33,46,56,95,90,79,21,4,21,,20,5,,,45,100,59,,2408
Sudan,,,,,,,,2,5,4,9,15,19,8,36,5,5,2,16,177,598,87,69,23,3,,,26,208,4,3,204,90,25,106,65,9,122,77,16,3,46,6,,,3,27,63,,36,,106,49,204,293,132,69,33,128,89,182,173,95,130,61,124,109,68,34,18,,4319
Suriname,,,,,,,,,,,,,,,,,,,,,,,,,,0,5,10,,,,0,2,,7,,5,2,,,,,,,,,,,,23,2,,,,,,,,,,,,0,7,,3,,,,,,67
Sweden,225,297,316,431,319,447,541,253,170,257,232,159,134,324,403,317,294,342,227,159,122,96,172,231,256,292,214,100,197,247,246,452,171,179,109,82,160,159,135,105,90,49,60,39,297,101,95,195,294,224,206,165,76,64,47,78,129,51,53,17,11,191,207,56,45,14,70,46,7,7,3,12554
Switzerland,154,151,321,169,142,230,313,223,232,289,219,37,4,52,263,228,373,177,199,166,141,149,187,116,64,138,143,5,218,228,274,290,177,443,404,341,108,151,179,319,440,476,388,104,119,93,187,379,436,507,23,68,63,117,203,168,83,108,17,39,48,32,10,6,5,12,73,34,10,13,10,12288
Syria,106,1,20,18,9,90,135,463,112,22,21,12,20,74,50,77,508,889,805,852,880,731,1497,3272,3420,1412,527,931,871,2045,1859,1338,1973,2233,1809,1575,1262,1409,1312,663,739,321,243,173,19,35,35,35,55,58,64,28,45,69,25,35,100,20,294,205,413,493,516,506,21,22,8,32,181,,84,40178
Syria rebels*,,,,,,,,,,,,,,,,,,,,,,,,,,,,,,,,,,,,,,,,,,,,,,,,,,,,,,,,,,,,,,,1,1,0,,,2,,1,,5
Taiwan,,98,304,383,320,622,256,436,739,921,472,108,146,320,347,478,326,477,299,583,585,351,245,329,372,344,484,802,792,552,525,795,811,735,440,654,967,598,658,364,478,663,479,1157,856,1318,1474,4808,3959,1725,570,332,291,117,319,695,503,12,11,60,95,197,422,548,1077,629,97,493,99,64,99,42682
Tajikistan,,,,,,,,,,,,,,,,,,,,,,,,,,,,,,,,,,,,,,,,,,,,,27,,,,,,,,,,,,13,7,,34,,,,3,,,8,19,3,4,,117
Tanzania,,,,,,,,,,,,,,,4,4,22,1,,,11,60,47,118,181,48,,44,63,260,53,121,9,,,,1,,,5,,,18,,4,,4,,,,2,,1,51,,10,12,1,,25,,78,115,118,14,20,20,2,16,,8,1569
Thailand,62,87,49,25,77,49,10,88,15,10,28,57,110,110,97,89,113,152,69,135,214,240,202,342,97,77,148,104,325,171,307,320,82,325,386,185,162,517,607,266,223,570,498,185,610,522,732,935,77,168,85,117,152,131,114,70,47,8,16,63,58,249,272,378,104,182,340,322,628,291,154,14810
Timor-Leste,,,,,,,,,,,,,,,,,,,,,,,,,,,,,,,,,,,,,,,,,,,,,,,,,,,,,,,,,,,,,18,14,,,,,,,,,,32
Togo,,,,,,,,,,,1,,,,0,0,,,1,1,2,1,,2,,14,50,1,9,9,28,19,4,2,,,16,0,0,,,9,8,,3,3,,9,,,,,,,,,,,,,1,,,,15,,,,,1,0,209
Tonga,,,,,,,,,,,,,,,,,,,,,,,,,,,,,,,,,,,,,0,,,6,6,6,,,,,0,,,,,,,,,,,,,,,,,,,5,,,,7,7,38
Trinidad and Tobago,,,,,,,,,,,,,,,,11,0,,,,,,11,2,,,,,,,22,6,,,,,,0,,,,,,,,,,,,,11,0,2,,,,,6,,,24,12,12,,,46,30,,,,,194
Tunisia,,,,,,,,11,,13,44,6,,7,4,40,,5,17,23,44,0,4,26,14,15,10,73,14,122,103,56,59,103,116,321,,56,17,48,4,20,32,,35,56,68,39,18,11,,,44,1,,168,2,,3,,7,7,,38,45,8,35,90,181,15,15,2309
Turkey,117,136,337,171,172,445,300,608,602,916,593,312,266,582,835,412,335,593,426,644,396,941,1095,789,1279,639,365,298,989,919,488,732,483,478,560,690,484,1439,1638,1029,1251,1290,1890,2337,1901,1574,1494,1521,2636,1736,1181,509,900,330,257,1095,531,692,640,732,485,780,1503,793,1524,438,328,428,488,760,94,56649
Turkmenistan,,,,,,,,,,,,,,,,,,,,,,,,,,,,,,,,,,,,,,,,,,,,,,,,,,,,,,18,21,,,,7,36,27,235,109,71,72,172,431,97,,,,1295
Tuvalu,,,,,,,,,,,,,,,,,,,,,,,,,,,,,,,,,,,,,,,,,,,,,6,,,,,,,,,,,,,,,,,,,,,,,,,7,,13
UAE,,,,,,,,,,,,,,,,,,,13,13,69,24,26,88,100,152,272,288,201,18,203,430,162,164,312,145,138,199,42,666,563,238,201,580,568,421,480,687,756,437,246,186,222,687,1221,2184,2038,933,758,602,644,1235,1154,2306,768,1224,956,853,1151,800,534,29354
Uganda,,,,,,,,,,,,,,,3,1,16,4,27,16,3,3,20,17,46,123,34,5,,,,,14,,,10,,31,1,20,,,,,,32,,,55,39,6,,33,,36,10,5,0,14,25,37,469,216,20,2,6,1,22,10,36,66,1531
UIC (Somalia)*,,,,,,,,,,,,,,,,,,,,,,,,,,,,,,,,,,,,,,,,,,,,,,,,,,,,,,,,,0,,,,,,,,,,,,,,,0
Ukraine,,,,,,,,,,,,,,,,,,,,,,,,,,,,,,,,,,,,,,,,,,,,,,,,,,,,,,,,,,,,,,,,,1,23,5,4,70,23,18,143
Ukraine Rebels*,,,,,,,,,,,,,,,,,,,,,,,,,,,,,,,,,,,,,,,,,,,,,,,,,,,,,,,,,,,,,,,,,24,,,,,,,24
UNITA (Angola)*,,,,,,,,,,,,,,,,,,,,,,,,,,,,,,,,,,,,,13,14,,1,,,,,,,,,,,,,,,,,,,,,,,,,,,,,,,,27
United Kingdom,105,246,532,1610,537,322,141,93,554,543,26,34,38,139,118,152,216,1422,2288,2570,60,171,217,234,319,337,251,256,179,219,544,800,757,286,633,355,273,207,278,205,117,936,1132,784,413,492,568,496,741,124,867,1273,720,775,218,32,328,796,496,375,492,366,583,505,211,397,259,1002,519,342,639,35262
United Nations**,,,,,,,,,,,14,0,,,,,,,,,,,,,,,,,,,,,,,,,,,,,,4,,14,55,11,,,1,7,31,,,,2,1,2,1,0,,,,,5,25,3,9,,,,,185
United States,352,695,875,1315,1896,1892,2071,1371,701,645,221,238,264,323,326,190,109,84,70,70,43,587,779,664,592,393,499,384,369,253,380,531,248,463,381,655,420,1992,1787,1784,367,520,535,963,950,757,557,582,266,222,336,499,511,610,578,537,646,832,973,977,1091,1012,1216,791,590,519,457,522,378,844,747,47296
United Wa State (Myanmar)*,,,,,,,,,,,,,,,,,,,,,,,,,,,,,,,,,,,,,,,,,,,,,,,,,,,,1,,,,,,,,,,,,,2,,,,,,,3
Unknown rebel group*,,,,,,,,,,,,,,,,,,,,,,,,,,,,,,,,,,,,,,,,,,,,,,,,,,,,0,0,,,,,,,,,,,,,,,,,,,0
Unknown recipient(s),,,,,,,,,,10,10,18,38,67,76,76,58,58,58,58,18,10,10,5,5,,,,,,30,85,85,86,86,86,86,86,86,41,,11,11,18,4,8,3,,4,,,2,,0,0,,,,12,,8,6,,29,30,13,32,17,31,48,27,1644
Uruguay,68,3,39,3,1,2,22,12,9,,17,0,100,0,2,8,6,,10,12,10,16,24,6,5,3,53,2,8,9,21,100,15,17,,12,,,16,41,41,63,26,18,11,12,4,19,27,8,4,,13,,,20,8,3,78,29,20,,,3,9,8,,,10,,25,1130
Uzbekistan,,,,,,,,,,,,,,,,,,,,,,,,,,,,,,,,,,,,,,,,,,,,,,,,,,,,8,9,,,,,,,,30,,,,17,100,56,8,116,76,46,465
Vanuatu,,,,,,,,,,,,,,,,,,,,,,,,,,,,,,,,,,,,,,6,,,,,,,,,,,,,,,,,,,,,,,,,,,,,,,,,,6
Venezuela,63,,25,195,135,64,406,275,120,9,64,32,32,34,2,,69,216,20,8,15,130,164,394,251,228,176,220,59,14,368,917,701,240,229,515,92,77,101,120,190,320,73,38,1,5,35,37,8,85,106,103,50,15,9,21,377,775,739,358,208,596,687,993,181,125,95,,14,,79,13102
Viet Cong (South Vietnam)*,,,,,,,,,,,,,,,,,,,,,,10,10,10,10,,,,,,,,,,,,,,,,,,,,,,,,,,,,,,,,,,,,,,,,,,,,,,,40
Viet Minh (France)*,,,,,3,,,,,,,,,,,,,,,,,,,,,,,,,,,,,,,,,,,,,,,,,,,,,,,,,,,,,,,,,,,,,,,,,,,3
Viet Nam,,,,,10,19,9,54,26,59,103,95,47,107,248,639,1126,1089,1168,893,1199,1179,1312,1283,851,485,42,42,227,1249,1017,1077,529,913,554,28,78,50,65,128,116,,,,,281,212,110,220,163,7,95,58,22,294,221,42,8,183,60,150,1010,780,362,1212,855,909,783,604,160,32,26944
Western Sahara,,,,,,,,,,,,,,,,,,,,,,,,,,,,,,0,,25,,7,,,39,,2,,4,,,,,,,,,,,,,,,,,,,,,,,,,,0,,,,,77
Yemen,,,,,,,,,,,,,,,,,,,,,,,,,,,,,,,,,,,,,,,,,78,113,,,4,171,,,1,51,158,85,592,58,248,311,38,66,40,5,258,45,38,23,6,33,7,6,9,,,2443
Yemen Arab Republic,,,,,,,,,,,,,,1,,,,62,,,,,,,,,,,,,,,,,,,,,,,,,,,,,,,,,,,,,,,,,,,,,,,,,,,,,,63
Yugoslavia,,182,490,525,534,334,352,229,112,285,259,175,397,624,463,549,545,688,678,582,548,477,321,167,160,564,526,594,406,763,495,440,631,577,283,355,344,329,713,331,311,140,,,,,,,,,,,,,,,,,,,,,,,,,,,,,,17476
Zambia,,,,,,,,,,,,,,,7,16,17,,,7,4,165,29,19,9,48,109,40,42,4,136,252,42,,18,,,,,,,,,,,,6,,,,43,,2,,,0,28,4,2,,,1,61,,,14,44,46,,43,1,1256
ZAPU (Zimbabwe)*,,,,,,,,,,,,,,,,,,,,,,,,,,,,1,0,0,,,,,,,,,,,,,,,,,,,,,,,,,,,,,,,,,,,,,,,,,,1
Zimbabwe,1,11,2,8,36,27,8,,61,,15,,16,20,,,,16,,,,2,11,0,2,31,16,4,13,,,15,80,34,26,28,212,29,2,,2,42,60,0,,,,,1,25,3,10,,16,13,25,25,,,,,,,,,,,,,,,946
Total,8092,11512,16532,23497,20051,20488,24611,24163,25601,21388,17685,16338,17509,20282,26456,25138,24985,25469,25926,28491,25445,32511,34214,35851,36750,37167,35332,39814,42538,37964,41833,45384,45685,44041,41691,38247,39171,39482,36717,35355,30470,28300,24202,25854,22964,22916,23858,28961,27821,25188,19318,18714,17840,19046,21358,21500,24790,26629,24121,24312,25773,30023,27976,27240,27227,28646,31480,31878,27327,27502,23677,1976320
